{"frames":{"coins_m":{"frame":{"x":924,"y":396,"w":128,"h":128},"trimmed":false,"spriteSourceSize":{"w":128,"h":128,"x":0,"y":0},"sourceSize":{"w":128,"h":128},"rotated":false},"coins_s":{"frame":{"x":1056,"y":396,"w":128,"h":128},"trimmed":false,"spriteSourceSize":{"w":128,"h":128,"x":0,"y":0},"sourceSize":{"w":128,"h":128},"rotated":false},"food":{"frame":{"x":1616,"y":841,"w":128,"h":128},"trimmed":false,"spriteSourceSize":{"w":128,"h":128,"x":0,"y":0},"sourceSize":{"w":128,"h":128},"rotated":false},"icon-fog-2":{"frame":{"x":330,"y":157,"w":128,"h":128},"trimmed":false,"spriteSourceSize":{"w":128,"h":128,"x":0,"y":0},"sourceSize":{"w":128,"h":128},"rotated":false},"p10c":{"frame":{"x":4,"y":1588,"w":377,"h":330},"trimmed":false,"spriteSourceSize":{"w":377,"h":330,"x":0,"y":0},"sourceSize":{"w":377,"h":330},"rotated":false},"p10w":{"frame":{"x":1247,"y":830,"w":114,"h":427},"trimmed":false,"spriteSourceSize":{"w":114,"h":427,"x":0,"y":0},"sourceSize":{"w":114,"h":427},"rotated":false},"p11w":{"frame":{"x":382,"y":317,"w":142,"h":477},"trimmed":false,"spriteSourceSize":{"w":142,"h":477,"x":0,"y":0},"sourceSize":{"w":142,"h":477},"rotated":false},"p14c":{"frame":{"x":771,"y":1578,"w":325,"h":340},"trimmed":false,"spriteSourceSize":{"w":325,"h":340,"x":0,"y":0},"sourceSize":{"w":325,"h":340},"rotated":false},"p14w":{"frame":{"x":958,"y":830,"w":144,"h":427},"trimmed":false,"spriteSourceSize":{"w":144,"h":427,"x":0,"y":0},"sourceSize":{"w":144,"h":427},"rotated":false},"p15w":{"frame":{"x":1497,"y":832,"w":115,"h":427},"trimmed":false,"spriteSourceSize":{"w":115,"h":427,"x":0,"y":0},"sourceSize":{"w":115,"h":427},"rotated":false},"p19w":{"frame":{"x":795,"y":400,"w":125,"h":427},"trimmed":false,"spriteSourceSize":{"w":125,"h":427,"x":0,"y":0},"sourceSize":{"w":125,"h":427},"rotated":false},"p1c":{"frame":{"x":766,"y":1262,"w":278,"h":312},"trimmed":false,"spriteSourceSize":{"w":278,"h":312,"x":0,"y":0},"sourceSize":{"w":278,"h":312},"rotated":false},"p1w":{"frame":{"x":676,"y":461,"w":115,"h":427},"trimmed":false,"spriteSourceSize":{"w":115,"h":427,"x":0,"y":0},"sourceSize":{"w":115,"h":427},"rotated":false},"p21c":{"frame":{"x":1100,"y":1577,"w":298,"h":341},"trimmed":false,"spriteSourceSize":{"w":298,"h":341,"x":0,"y":0},"sourceSize":{"w":298,"h":341},"rotated":false},"p22c":{"frame":{"x":4,"y":4,"w":322,"h":281},"trimmed":false,"spriteSourceSize":{"w":322,"h":281,"x":0,"y":0},"sourceSize":{"w":322,"h":281},"rotated":false},"p22w":{"frame":{"x":4,"y":790,"w":280,"h":423},"trimmed":false,"spriteSourceSize":{"w":280,"h":423,"x":0,"y":0},"sourceSize":{"w":280,"h":423},"rotated":false},"p23c":{"frame":{"x":4,"y":1217,"w":338,"h":367},"trimmed":false,"spriteSourceSize":{"w":338,"h":367,"x":0,"y":0},"sourceSize":{"w":338,"h":367},"rotated":false},"p24w":{"frame":{"x":528,"y":339,"w":144,"h":455},"trimmed":false,"spriteSourceSize":{"w":144,"h":455,"x":0,"y":0},"sourceSize":{"w":144,"h":455},"rotated":false},"p25w":{"frame":{"x":288,"y":798,"w":248,"h":415},"trimmed":false,"spriteSourceSize":{"w":248,"h":415,"x":0,"y":0},"sourceSize":{"w":248,"h":415},"rotated":false},"p26w":{"frame":{"x":4,"y":294,"w":204,"h":492},"trimmed":false,"spriteSourceSize":{"w":204,"h":492,"x":0,"y":0},"sourceSize":{"w":204,"h":492},"rotated":false},"p28c":{"frame":{"x":1330,"y":1263,"w":270,"h":307},"trimmed":false,"spriteSourceSize":{"w":270,"h":307,"x":0,"y":0},"sourceSize":{"w":270,"h":307},"rotated":false},"p28w":{"frame":{"x":212,"y":289,"w":166,"h":497},"trimmed":false,"spriteSourceSize":{"w":166,"h":497,"x":0,"y":0},"sourceSize":{"w":166,"h":497},"rotated":false},"p2c":{"frame":{"x":1048,"y":1261,"w":278,"h":312},"trimmed":false,"spriteSourceSize":{"w":278,"h":312,"x":0,"y":0},"sourceSize":{"w":278,"h":312},"rotated":false},"p2w":{"frame":{"x":1457,"y":401,"w":115,"h":427},"trimmed":false,"spriteSourceSize":{"w":115,"h":427,"x":0,"y":0},"sourceSize":{"w":115,"h":427},"rotated":false},"p3c":{"frame":{"x":924,"y":528,"w":269,"h":298},"trimmed":false,"spriteSourceSize":{"w":269,"h":298,"x":0,"y":0},"sourceSize":{"w":269,"h":298},"rotated":false},"p3w":{"frame":{"x":1576,"y":401,"w":115,"h":427},"trimmed":false,"spriteSourceSize":{"w":115,"h":427,"x":0,"y":0},"sourceSize":{"w":115,"h":427},"rotated":false},"p4c":{"frame":{"x":1686,"y":1606,"w":300,"h":312},"trimmed":false,"spriteSourceSize":{"w":300,"h":312,"x":0,"y":0},"sourceSize":{"w":300,"h":312},"rotated":false},"p4w":{"frame":{"x":1106,"y":830,"w":137,"h":427},"trimmed":false,"spriteSourceSize":{"w":137,"h":427,"x":0,"y":0},"sourceSize":{"w":137,"h":427},"rotated":false},"p5c":{"frame":{"x":346,"y":1256,"w":252,"h":328},"trimmed":false,"spriteSourceSize":{"w":252,"h":328,"x":0,"y":0},"sourceSize":{"w":252,"h":328},"rotated":false},"p5w":{"frame":{"x":602,"y":1203,"w":160,"h":427},"trimmed":false,"spriteSourceSize":{"w":160,"h":427,"x":0,"y":0},"sourceSize":{"w":160,"h":427},"rotated":false},"p6c":{"frame":{"x":540,"y":892,"w":258,"h":307},"trimmed":false,"spriteSourceSize":{"w":258,"h":307,"x":0,"y":0},"sourceSize":{"w":258,"h":307},"rotated":false},"p6w":{"frame":{"x":802,"y":831,"w":152,"h":427},"trimmed":false,"spriteSourceSize":{"w":152,"h":427,"x":0,"y":0},"sourceSize":{"w":152,"h":427},"rotated":false},"p7w":{"frame":{"x":1365,"y":832,"w":128,"h":427},"trimmed":false,"spriteSourceSize":{"w":128,"h":427,"x":0,"y":0},"sourceSize":{"w":128,"h":427},"rotated":false},"p9c":{"frame":{"x":1402,"y":1574,"w":280,"h":344},"trimmed":false,"spriteSourceSize":{"w":280,"h":344,"x":0,"y":0},"sourceSize":{"w":280,"h":344},"rotated":false},"p9w":{"frame":{"x":1616,"y":973,"w":114,"h":426},"trimmed":false,"spriteSourceSize":{"w":114,"h":426,"x":0,"y":0},"sourceSize":{"w":114,"h":426},"rotated":false},"pet-8":{"frame":{"x":1604,"y":1403,"w":128,"h":167},"trimmed":false,"spriteSourceSize":{"w":128,"h":167,"x":0,"y":0},"sourceSize":{"w":128,"h":167},"rotated":false},"pet-9":{"frame":{"x":1736,"y":1435,"w":128,"h":167},"trimmed":false,"spriteSourceSize":{"w":128,"h":167,"x":0,"y":0},"sourceSize":{"w":128,"h":167},"rotated":false},"player":{"frame":{"x":330,"y":25,"w":128,"h":128},"trimmed":false,"spriteSourceSize":{"w":128,"h":128,"x":0,"y":0},"sourceSize":{"w":128,"h":128},"rotated":false},"shells":{"frame":{"x":1868,"y":1442,"w":128,"h":160},"trimmed":false,"spriteSourceSize":{"w":128,"h":160,"x":0,"y":0},"sourceSize":{"w":128,"h":160},"rotated":false},"stonehead":{"frame":{"x":1197,"y":545,"w":256,"h":281},"trimmed":false,"spriteSourceSize":{"w":256,"h":281,"x":0,"y":0},"sourceSize":{"w":256,"h":281},"rotated":false},"vsplash":{"frame":{"x":385,"y":1634,"w":382,"h":284},"trimmed":false,"spriteSourceSize":{"w":382,"h":284,"x":0,"y":0},"sourceSize":{"w":382,"h":284},"rotated":false}},"meta":{"image":"spritesheet4-4.png","size":{"w":2048,"h":2048},"scale":1}}